{
  "timestamp": "2025-09-24T09:56:40.415721",
  "symbol": "XAU/USD",
  "current_price": 3766.93,
  "final_recommendation": {
    "action": "HOLD",
    "confidence": 0.7745071249053179,
    "stop_loss": 3763.91,
    "take_profit": 3769.95,
    "stop_distance": 6.05,
    "atr_value": 2.7492857142857963,
    "atr_multiplier": 2.2
  },
  "model_comparison": {
    "weighted_ensemble": {
      "prediction": 1,
      "confidence": 0.4260789199212699,
      "action": "HOLD"
    },
    "stacking_meta": {
      "prediction": 1,
      "confidence": 0.7745071249053179,
      "action": "HOLD"
    }
  },
  "individual_models": {
    "xgboost": 1,
    "lightgbm": 0,
    "randomforest": 1
  },
  "model_weights": {
    "xgboost": 0.3536017591851783,
    "lightgbm": 0.3391663011327795,
    "randomforest": 0.30723193968204215
  },
  "market_indicators": {
    "rsi": 36.72544080604594,
    "bb_position": 0.1457332704570771,
    "atr_14": 2.7492857142857963,
    "market_condition": "Near Lower Band"
  }
}